seriesuid,coordX,coordY,coordZ,probability
1.3.6.1.4.1.14519.5.2.1.6279.6001.100225287222365663678666836860,-128.6,-175.3,-298.3,1
1.3.6.1.4.1.14519.5.2.1.6279.6001.100225287222365663678666836860,103.7,-211.9,-227.1,0.8
1.3.6.1.4.1.14519.5.2.1.6279.6001.100398138793540579077826395208,69.6,-140.9,876.3,0.2
1.3.6.1.4.1.14519.5.2.1.6279.6001.100621383016233746780170740405,-24,192.1,-391,0.5
1.3.6.1.4.1.14519.5.2.1.6279.6001.100621383016233746780170740405,2.4,172.4,-405.4,1
1.3.6.1.4.1.14519.5.2.1.6279.6001.100621383016233746780170740405,90.9,149,-426.5,1
1.3.6.1.4.1.14519.5.2.1.6279.6001.100621383016233746780170740405,89.5,196.4,-515.4,0.2
1.3.6.1.4.1.14519.5.2.1.6279.6001.100953483028192176989979435275,81.5,54.9,-150.3,0.1
